Item ID,# Units
6337,2
6336,2
6336,1
6336,1
6336,1
6336,1
6336,1
6336,2
6336,1
6336,1
6336,1
6336,1
6335,2
6335,1
6335,1
6335,1
6335,2
6335,4
6335,1
6335,1
6335,1
6335,2
6335,2
6335,2
6335,2
6335,1
6335,2
6334,1
6334,4
6334,2
6334,4
6334,2
6334,2
6334,1
6334,1
6334,1
6334,1
6334,1
6334,1
6333,2
6333,1
6333,2
6333,1
6333,1
6333,2
6333,2
6333,2
6333,1
6333,2
6333,1
6333,2
6333,2
6333,2
6333,1
6333,2
6333,2
6332,1
6331,2
6331,1
6331,2
6331,1
6331,1
6331,1
6330,1
6329,2
6329,1
6329,1
6328,1
6328,1
6326,1
6323,2
6322,1
6321,1
6320,2
2660,1
2661,1
2661,2
2661,2
2661,1
2662,2
2662,2
2662,1
2662,2
2662,2
2662,2
2662,1
2662,2
2662,1
2662,1
2662,1
2663,10
2663,3
2663,2
2663,2
2663,2
2663,2
2663,1
2663,1
2663,1
2663,1
2664,2
2664,4
2664,2
2664,1
2664,1
2664,1
2664,1
2664,1
2665,2
2665,1
2665,1
2666,1
2666,1
2666,1
2666,1
2667,1
2667,2
2667,2
2667,1
2667,1
2668,1
2668,1
2669,2
2669,2
2669,1
2613,1
2613,2
2613,1
2613,2
2613,1
2613,1
2613,2
2613,2
2614,2
2614,1
2614,1
2614,2
2614,1
2614,1
2614,1
2614,2
2614,2
2614,1
2614,1
2614,2
2614,2
2614,2
2614,2
2615,1
2615,1
2615,1
2615,1
2615,2
2615,3
2615,3
2615,2
2615,1
2615,2
2615,1
2615,1
2615,1
2615,3
2615,1
2615,2
2615,2
2615,1
2615,1
2615,2
2615,2
2615,1
2615,3
2615,1
2615,2
2615,1
2615,1
2615,2
2615,1
2615,2
2615,2
2615,1
2615,2
2615,4
2615,2
2615,1
2615,2
2615,2
2616,1
2616,1
2616,1
2616,2
2616,1
2616,1
2616,1
2616,2
2616,1
2616,1
2616,5
2616,1
2616,2
2616,1
2616,1
2616,2
2616,2
2616,1
2616,1
2616,2
2616,1
2616,1
2616,1
2616,1
2616,2
2616,1
2616,1
2616,1
2616,1
2616,2
2616,1
2616,1
2616,1
2616,2
2616,2
2616,2
2616,2
2616,1
2616,1
2616,2
2617,2
2617,2
2617,1
2617,2
2617,3
2617,3
2617,2
2617,1
2617,1
2617,1
2617,2
2617,6
2617,1
2617,1
2617,5
2617,1
2617,2
2617,1
2617,1
2617,4
2617,3
2617,1
2617,3
2617,2
2617,1
2617,3
2617,1
2617,1
2617,1
2617,3
2617,1
2617,1
2617,2
2617,1
2617,2
2617,1
2617,1
2617,2
2617,2
2617,2
2617,2
2617,1
2617,3
2617,1
2617,2
2618,2
2618,1
2618,1
2618,1
2618,2
2618,2
2618,1
2618,2
2618,1
2618,2
2618,2
2618,2
2618,6
2618,4
2618,2
2618,1
2618,1
2618,1
2618,2
2618,1
2618,1
2618,2
2618,4
2618,3
2618,1
2618,2
2618,1
2618,1
2618,3
2618,1
2618,1
2618,2
2618,1
2618,1
2618,2
2618,2
2618,1
2618,2
2618,1
2618,1
2618,2
2618,2
2643,2
2647,2
2647,2
2619,1
2619,2
2619,1
2619,1
2619,3
2619,2
2619,2
2619,2
2619,1
2619,4
2619,2
2619,1
2619,1
2619,1
2619,2
2619,3
2619,1
2619,1
2619,1
2619,1
2619,1
2619,1
2619,1
2619,2
2619,2
2619,1
2619,1
2619,1
2619,2
2619,2
2619,1
2619,1
2619,2
2619,2
2619,1
2619,2
2619,1
2619,1
2619,2
2619,1
2620,2
2620,1
2620,1
2620,2
2620,2
2620,1
2620,2
2620,1
2620,1
2620,2
2620,2
2620,2
2620,1
2620,1
2620,2
2620,1
2620,3
2620,2
2620,1
2620,1
2620,1
2620,1
2620,1
2620,2
2620,4
2620,1
2620,1
2620,1
2620,1
2620,2
2620,1
2620,1
2620,1
2620,2
2620,1
2620,1
2620,2
2621,2
2621,1
2621,1
2621,2
2621,2
2621,1
2621,1
2621,2
2621,1
2621,1
2621,2
2621,2
2621,2
2621,1
2621,1
2621,3
2621,2
2621,1
2621,1
2621,1
2621,2
2621,2
2621,2
2621,1
2621,1
2621,1
2621,2
2621,1
2621,1
2621,1
2621,1
2621,2
2621,1
2621,2
2621,1
2621,5
2621,1
2622,1
2622,1
2622,1
2622,1
2622,2
2622,1
2622,2
2622,1
2622,1
2622,1
2622,2
2622,1
2622,2
2622,1
2622,1
2622,3
2622,3
2622,1
2622,1
2622,2
2622,1
2622,1
2622,2
2622,1
2622,2
2622,2
2622,2
2622,1
2622,1
2622,1
2622,1
2623,2
2623,1
2623,1
2623,1
2623,2
2623,1
2623,1
2623,1
2623,1
2623,3
2623,3
2623,2
2623,3
2623,1
2623,1
2623,1
2623,1
2623,1
2623,1
2623,2
2623,2
2623,2
2623,1
2623,1
2623,1
2623,3
2623,2
2624,2
2624,2
2624,2
2624,1
2624,2
2624,1
2624,2
2624,2
2624,1
2624,1
2624,1
2624,2
2624,1
2624,1
2624,1
2624,1
2624,4
2624,2
2624,2
2624,1
2624,1
2624,2
2624,1
2624,2
2624,1
2625,2
2625,2
2625,1
2625,1
2625,4
2625,2
2625,3
2625,2
2625,1
2625,1
2625,1
2625,1
2625,1
2625,2
2625,2
2625,1
2625,1
2625,1
2625,1
2625,2
2625,2
2625,2
2625,2
2625,2
2625,1
2625,1
2626,1
2626,3
2626,2
2626,4
2626,1
2626,1
2626,1
2626,2
2626,1
2626,1
2626,2
2626,1
2626,1
2626,2
2626,2
2626,2
2626,2
2626,1
2626,2
2626,2
2626,2
2626,2
2626,1
2626,2
2626,1
2626,4
2626,2
2626,1
2626,2
2627,2
2627,1
2627,2
2627,2
2627,1
2627,1
2627,4
2627,2
2627,2
2627,2
2627,2
2627,1
2627,3
2627,1
2627,1
2627,1
2627,2
2627,2
2627,1
2627,2
2627,1
2627,2
2627,3
2627,1
2627,1
2627,2
2627,2
2628,1
2628,1
2629,4
2629,2
2629,4
2629,1
2629,2
2629,2
2629,1
2629,3
2629,1
2629,2
2629,1
2630,2
2630,2
2630,1
2630,1
2631,1
2631,1
2631,3
2631,1
2631,2
2631,4
2631,2
2631,2
2631,4
2631,1
2632,1
2632,1
2632,2
2632,1
2632,1
2632,2
2632,2
2633,1
2633,1
2633,1
2633,1
2634,1
2634,1
2634,1
2635,1
2635,1
2635,1
2635,2
2635,1
2636,1
2636,3
2636,2
2637,1
2637,1
2637,1
2637,2
2637,2
2639,2
2639,2
2639,2
2640,2
2640,2
1580,1
1580,2
1581,1
1581,2
1584,1
1586,1
1587,2
1533,1
1533,2
1534,1
1535,2
1535,1
1535,1
1535,1
1536,2
1536,1
1537,2
1537,2
1537,2
1538,2
1538,1
1538,2
1538,2
1539,2
1539,1
1539,4
1539,1
1540,1
1540,2
1541,1
1542,2
1543,1
1543,1
1544,1
1544,1
1544,1
1545,1
1545,1
1545,1
1546,2
1546,2
1546,1
1546,1
1547,1
1547,1
1547,2
1549,2
1549,1
1549,2
1549,2
1549,2
1550,1
1552,1
1553,2
1553,1
1556,2
1557,2
1558,2
1520,1
1521,2
1521,2
1522,2
1522,2
1522,2
1523,2
1523,2
1523,2
1523,1
1524,2
1524,2
1526,1
1527,2
1529,1
1531,1
1473,1
1474,1
1474,1
1474,1
1475,1
1475,1
1475,1
1476,2
1476,2
1476,1
1476,2
1477,2
1478,4
1479,1
1479,3
1479,1
1480,1
1480,1
1480,1
1480,1
1481,1
1481,1
1481,1
1482,2
1482,2
1482,1
1482,3
1482,1
1483,1
1483,2
1483,2
1484,2
1485,1
1485,2
1486,1
1486,2
1486,1
1487,2
1487,2
1487,4
1496,1
1496,1
1497,2
1497,1
1498,2
1498,1
1499,1
5026,2
5026,2
5027,2
5027,1
5028,2
5028,2
5029,2
5030,2
5030,1
5030,2
5030,2
5030,1
5031,1
5031,2
5033,1
5034,1
5036,1
5036,2
5037,1
5038,2
5038,4
5038,1
5038,2
5039,2
5039,2
5039,2
5039,1
5039,1
5039,1
5039,3
5039,1
5039,2
5039,2
5039,2
5039,2
5039,2
5039,2
5039,2
5039,2
5039,2
5039,3
5039,1
5039,2
5040,1
5040,2
5040,1
5040,2
5040,1
5040,2
5040,2
5040,2
5040,2
5040,1
5040,1
5040,2
5040,2
5040,1
5040,1
5040,1
5040,2
5040,2
5040,1
5040,1
5040,2
5040,1
5041,1
5041,1
5041,1
5041,1
5041,2
5041,1
5041,2
5041,3
5041,1
5041,1
5041,2
5041,2
5041,1
5041,2
5041,2
5041,1
5041,2
5041,2
5041,2
5042,1
5042,1
5042,2
5042,3
5042,1
5042,3
5042,1
5042,2
5042,2
5042,2
5042,1
5042,1
5042,1
5042,1
5042,1
5042,1
5042,1
5042,2
5042,2
5042,1
5043,1
5049,2
5060,2
5060,2
5060,1
5060,2
5060,3
5060,1
5060,1
5060,1
5060,2
5060,2
5060,1
5060,2
5060,1
5060,2
5060,1
5060,1
5060,2
5060,1
5060,1
5060,1
5061,1
5061,1
5061,2
5061,1
5061,1
5061,2
5061,1
5061,1
5061,2
5061,1
5061,1
5061,2
5061,2
5061,1
5061,1
5062,2
5062,1
5062,1
5062,1
5062,1
5062,2
5062,3
5062,2
5062,2
5062,1
5062,2
5062,1
5062,2
5062,1
5062,1
5062,1
5062,1
5062,2
5062,1
5062,2
5063,1
5063,2
5063,5
5063,3
5063,2
5063,2
5063,2
5063,1
5063,1
5063,1
