Internal ID,Document Number,PO Expiry Date
2222732,PO2972,30/5/2024
2223336,PO2973,30/5/2024
2223537,PO2974,30/5/2024
2224081,PO2975,30/5/2024
2224487,PO2976,30/5/2024
2224587,PO2977,30/5/2024
2225193,PO2978,30/5/2024
2225494,PO2979,30/5/2024
2225495,PO2980,30/5/2024
2225897,PO2981,30/5/2024
2226205,PO2982,30/5/2024
2228768,PO2983,30/5/2024
2228871,PO2984,30/5/2024
2229944,PO2985,30/5/2024
2230247,PO2986,30/5/2024
2230348,PO2987,30/5/2024
2230561,PO2988,30/5/2024
2231072,PO2989,30/5/2024
2231073,PO2990,30/5/2024
2231204,PO2992,30/5/2024
2231575,PO2991,30/5/2024
2231998,PO2993,30/5/2024
2232398,PO2994,30/5/2024
2233806,PO2995,30/5/2024
2234010,PO2996,30/5/2024
2234011,PO2997,30/5/2024
2234012,PO2998,30/5/2024
2234013,PO2999,30/5/2024
2234014,PO3000,30/5/2024
2235131,PO3001,30/5/2024
2235745,PO3002,30/5/2024
2235947,PO3003,30/5/2024
2236147,PO3004,30/5/2024
2236247,PO3005,30/5/2024
2236747,PO3006,30/5/2024
2236847,PO3007,30/5/2024
2237249,PO3008,30/5/2024
2237661,PO3009,30/5/2024
2237662,PO3010,30/5/2024
2237663,PO3011,30/5/2024
2237664,PO3012,30/5/2024
2237665,PO3013,30/5/2024
2237666,PO3014,30/5/2024
2237967,PO3015,30/5/2024
2238170,PO3016,30/5/2024
2238271,PO3017,30/5/2024
2238272,PO3018,30/5/2024
2238273,PO3019,30/5/2024
2238274,PO3020,30/5/2024
2238275,PO3021,30/5/2024
2238276,PO3022,30/5/2024
2238277,PO3023,30/5/2024
2238601,PO3024,30/5/2024
2238701,PO3025,30/5/2024
2238801,PO3026,30/5/2024
2239001,PO3027,30/5/2024
2239102,PO3028,30/5/2024
2239103,PO3029,30/5/2024
2239104,PO3030,30/5/2024
2239105,PO3031,30/5/2024
2239504,PO3032,30/5/2024
2239704,PO3033,30/5/2024
2244443,PO3034,30/5/2024
2244756,PO3036,30/5/2024
2244846,PO3035,30/5/2024
2245152,PO3037,30/5/2024
2247168,PO3038,30/5/2024
2248196,PO3039,30/5/2024
2248296,PO3040,30/5/2024
2248396,PO3041,30/5/2024
2249421,PO3042,30/5/2024
2250573,PO3043,30/5/2024
2250574,PO3044,30/5/2024
2250683,PO3045,30/5/2024
2251193,PO3046,30/5/2024
2251396,PO3047,30/5/2024
2251908,PO3048,30/5/2024
2252446,PO3049,30/5/2024
2252647,PO3050,30/5/2024
2252773,PO3051,30/5/2024
2253188,PO3052,30/5/2024
2254756,PO3053,30/5/2024
2256494,PO3054,30/5/2024
2257005,PO3055,30/5/2024
2257412,PO3056,30/5/2024
2257413,PO3057,30/5/2024
2257716,PO3058,30/5/2024
2258239,PO3059,30/5/2024
2258562,PO3060,30/5/2024
